14_dioxane,-5.01
butanone,-4.52
ethanol,-5.4
n_octane,-3.94
nitromethane,-5.62
toluene,-4.94
Li,-131.6921606
Na,-104.2304015
K,-86.92638623
Rb,-80.54493308
Cs,-74.80879541
Cl,-59.53632887
Br,-55.92734226
I,-53.05927342